{"labels": [{"name": "rs", "x1": 714, "y1": 231, "x2": 744, "y2": 301}, {"name": "rs", "x1": 782, "y1": 205, "x2": 797, "y2": 262}, {"name": "rs", "x1": 161, "y1": 202, "x2": 174, "y2": 225}, {"name": "rs", "x1": 36, "y1": 226, "x2": 68, "y2": 287}, {"name": "rs", "x1": 424, "y1": 323, "x2": 530, "y2": 513}, {"name": "rs", "x1": 542, "y1": 164, "x2": 571, "y2": 241}, {"name": "rs", "x1": 626, "y1": 215, "x2": 653, "y2": 315}, {"name": "rs", "x1": 402, "y1": 285, "x2": 425, "y2": 312}, {"name": "rs", "x1": 370, "y1": 193, "x2": 387, "y2": 265}]}