{"labels": [{"name": "rs", "x1": 182, "y1": 93, "x2": 189, "y2": 108}, {"name": "rs", "x1": 160, "y1": 97, "x2": 166, "y2": 115}, {"name": "rs", "x1": 81, "y1": 95, "x2": 89, "y2": 112}, {"name": "rs", "x1": 199, "y1": 98, "x2": 205, "y2": 113}, {"name": "rs", "x1": 58, "y1": 90, "x2": 65, "y2": 106}, {"name": "rs", "x1": 251, "y1": 98, "x2": 260, "y2": 115}, {"name": "rs", "x1": 99, "y1": 87, "x2": 106, "y2": 100}, {"name": "rs", "x1": 236, "y1": 98, "x2": 242, "y2": 120}, {"name": "rs", "x1": 126, "y1": 86, "x2": 131, "y2": 96}, {"name": "rs", "x1": 137, "y1": 79, "x2": 143, "y2": 91}, {"name": "rs", "x1": 213, "y1": 100, "x2": 218, "y2": 114}]}