{"labels": [{"name": "rs", "x1": 144, "y1": 103, "x2": 152, "y2": 126}, {"name": "rs", "x1": 319, "y1": 97, "x2": 330, "y2": 124}, {"name": "rs", "x1": 274, "y1": 108, "x2": 284, "y2": 134}, {"name": "rs", "x1": 39, "y1": 115, "x2": 58, "y2": 146}, {"name": "rs", "x1": 222, "y1": 93, "x2": 230, "y2": 111}, {"name": "rs", "x1": 196, "y1": 87, "x2": 205, "y2": 99}, {"name": "rs", "x1": 182, "y1": 84, "x2": 186, "y2": 94}, {"name": "rs", "x1": 166, "y1": 111, "x2": 184, "y2": 132}, {"name": "rs", "x1": 359, "y1": 106, "x2": 368, "y2": 135}, {"name": "rs", "x1": 431, "y1": 101, "x2": 440, "y2": 120}, {"name": "rs", "x1": 181, "y1": 81, "x2": 187, "y2": 94}, {"name": "rs", "x1": 119, "y1": 92, "x2": 134, "y2": 113}, {"name": "rs", "x1": 96, "y1": 83, "x2": 104, "y2": 94}, {"name": "rs", "x1": 107, "y1": 88, "x2": 116, "y2": 97}, {"name": "rs", "x1": 293, "y1": 92, "x2": 298, "y2": 107}, {"name": "rs", "x1": 241, "y1": 117, "x2": 257, "y2": 149}, {"name": "rs", "x1": 390, "y1": 91, "x2": 400, "y2": 106}, {"name": "rs", "x1": 468, "y1": 82, "x2": 478, "y2": 98}, {"name": "rs", "x1": 446, "y1": 88, "x2": 456, "y2": 106}, {"name": "rs", "x1": 260, "y1": 80, "x2": 267, "y2": 94}]}