{"labels": [{"name": "rs", "x1": 191, "y1": 307, "x2": 348, "y2": 493}, {"name": "rs", "x1": 341, "y1": 101, "x2": 355, "y2": 139}, {"name": "rs", "x1": 60, "y1": 100, "x2": 71, "y2": 137}, {"name": "rs", "x1": 98, "y1": 119, "x2": 112, "y2": 165}, {"name": "rs", "x1": 433, "y1": 85, "x2": 447, "y2": 116}, {"name": "rs", "x1": 9, "y1": 87, "x2": 19, "y2": 115}, {"name": "rs", "x1": 635, "y1": 219, "x2": 652, "y2": 254}, {"name": "rs", "x1": 479, "y1": 273, "x2": 740, "y2": 458}, {"name": "rs", "x1": 489, "y1": 198, "x2": 524, "y2": 373}, {"name": "rs", "x1": 215, "y1": 101, "x2": 233, "y2": 140}, {"name": "rs", "x1": 367, "y1": 97, "x2": 381, "y2": 134}, {"name": "rs", "x1": 264, "y1": 86, "x2": 277, "y2": 125}]}